subreddit,n_test,ft_kappa,ft_f1,ft_accuracy,pooled_kappa,gemini_kappa,claude_kappa
antiai,2000,0.715,0.8598,0.8575,0.644,0.4089,0.516
explainlikeimfive,2000,0.7009,0.8532,0.8505,0.688,0.2641,0.3999999999999999
changemyview,2000,0.6219,0.8169,0.811,0.634,0.4096,0.5277960078754022
AmItheAsshole,2000,0.6062,0.7941,0.803,0.67,0.1265,0.18077118859760752
AskHistorians,2000,0.5889,0.8002,0.7945,0.578,0.2372,0.24637216387396782
TwoXChromosomes,2000,0.5819,0.7969,0.791,0.562,0.2504,0.23343500966191286
aiwars,1519,0.5814,0.7883,0.7907,0.5899,0.2211,0.35800542851106026
relationships,2000,0.5781,0.7858,0.789,0.612,0.0883,0.20742392862832562
politics,2000,0.5489,0.7807,0.7745,0.588,0.2262,0.2094798537138476
science,2000,0.547,0.7736,0.7735,0.58,0.0957,0.12273674090690596
Games,2000,0.5448,0.7822,0.7725,0.502,0.199,0.2535526105700144
personalfinance,2000,0.511,0.7541,0.7555,0.534,0.1724,0.20427780253357947
askscience,1060,0.502,0.7542,0.7509,0.5105,0.1359,0.17737012780568442
news,2000,0.4961,0.7442,0.748,0.532,0.1119,0.12315663611000413
legaladvice,2000,0.477,0.7386,0.7385,0.486,0.1917,0.24890131841789853
