{
 "sub": "aiwars",
 "template": "slm_mod",
 "thinking": "on",
 "effort": "high",
 "model": "claude-sonnet-4-6",
 "prompt_variant": "cot",
 "n_requested": 500,
 "n_returned": 500,
 "n_used": 500,
 "parse_fails": 0,
 "hard_errors": 0,
 "accuracy": 0.684,
 "precision": 0.8828828828828829,
 "recall": 0.40329218106995884,
 "f1": 0.5536723163841808,
 "kappa": 0.35800542851106026,
 "sonnet_tokens_in": 1493,
 "sonnet_tokens_out": 233726,
 "haiku_tokens_in": 273859,
 "haiku_tokens_out": 7589,
 "cache_creation_tokens": 802422,
 "cache_read_tokens": 5646615,
 "elapsed_s": 51.55034160614014
}