{
 "sub": "science",
 "template": "slm_mod",
 "thinking": "on",
 "effort": "high",
 "model": "claude-sonnet-4-6",
 "prompt_variant": "cot",
 "n_requested": 500,
 "n_returned": 500,
 "n_used": 500,
 "parse_fails": 0,
 "hard_errors": 0,
 "accuracy": 0.562,
 "precision": 0.5470588235294118,
 "recall": 0.7410358565737052,
 "f1": 0.6294416243654822,
 "kappa": 0.12273674090690596,
 "sonnet_tokens_in": 1494,
 "sonnet_tokens_out": 247354,
 "haiku_tokens_in": 273556,
 "haiku_tokens_out": 7825,
 "cache_creation_tokens": 802219,
 "cache_read_tokens": 5987017,
 "elapsed_s": 54.3404757976532
}