{
 "sub": "AskHistorians",
 "template": "slm_mod",
 "thinking": "on",
 "effort": "high",
 "model": "claude-sonnet-4-6",
 "prompt_variant": "cot",
 "n_requested": 500,
 "n_returned": 500,
 "n_used": 500,
 "parse_fails": 0,
 "hard_errors": 0,
 "accuracy": 0.624,
 "precision": 0.6101694915254238,
 "recall": 0.7114624505928854,
 "f1": 0.656934306569343,
 "kappa": 0.24637216387396782,
 "sonnet_tokens_in": 1501,
 "sonnet_tokens_out": 403829,
 "haiku_tokens_in": 417307,
 "haiku_tokens_out": 8231,
 "cache_creation_tokens": 940822,
 "cache_read_tokens": 6321078,
 "elapsed_s": 90.88503289222717
}