{
 "sub": "news",
 "template": "slm_mod",
 "thinking": "on",
 "effort": "high",
 "model": "claude-sonnet-4-6",
 "prompt_variant": "cot",
 "n_requested": 500,
 "n_returned": 500,
 "n_used": 500,
 "parse_fails": 0,
 "hard_errors": 0,
 "accuracy": 0.56,
 "precision": 0.5942857142857143,
 "recall": 0.41106719367588934,
 "f1": 0.48598130841121495,
 "kappa": 0.12315663611000413,
 "sonnet_tokens_in": 1495,
 "sonnet_tokens_out": 249305,
 "haiku_tokens_in": 259771,
 "haiku_tokens_out": 7320,
 "cache_creation_tokens": 786965,
 "cache_read_tokens": 6018038,
 "elapsed_s": 58.072503089904785
}