{
 "sub": "changemyview",
 "template": "slm_mod",
 "thinking": "on",
 "effort": "high",
 "model": "claude-sonnet-4-6",
 "prompt_variant": "cot",
 "n_requested": 500,
 "n_returned": 500,
 "n_used": 500,
 "parse_fails": 0,
 "hard_errors": 0,
 "accuracy": 0.764,
 "precision": 0.740072202166065,
 "recall": 0.8167330677290837,
 "f1": 0.7765151515151516,
 "kappa": 0.5277960078754022,
 "sonnet_tokens_in": 1496,
 "sonnet_tokens_out": 288810,
 "haiku_tokens_in": 291535,
 "haiku_tokens_out": 7723,
 "cache_creation_tokens": 645333,
 "cache_read_tokens": 6207957,
 "elapsed_s": 54.074352741241455
}