{
 "sub": "askscience",
 "template": "slm_mod",
 "thinking": "on",
 "effort": "high",
 "model": "claude-sonnet-4-6",
 "prompt_variant": "cot",
 "n_requested": 500,
 "n_returned": 500,
 "n_used": 500,
 "parse_fails": 0,
 "hard_errors": 0,
 "accuracy": 0.586,
 "precision": 0.7017543859649122,
 "recall": 0.31620553359683795,
 "f1": 0.4359673024523161,
 "kappa": 0.17737012780568442,
 "sonnet_tokens_in": 1496,
 "sonnet_tokens_out": 321902,
 "haiku_tokens_in": 309867,
 "haiku_tokens_out": 8112,
 "cache_creation_tokens": 837620,
 "cache_read_tokens": 5649081,
 "elapsed_s": 92.45888233184814
}