{
 "sub": "personalfinance",
 "template": "slm_mod",
 "thinking": "on",
 "effort": "high",
 "model": "claude-sonnet-4-6",
 "prompt_variant": "cot",
 "n_requested": 500,
 "n_returned": 500,
 "n_used": 500,
 "parse_fails": 0,
 "hard_errors": 0,
 "accuracy": 0.6,
 "precision": 0.8170731707317073,
 "recall": 0.26587301587301587,
 "f1": 0.4011976047904191,
 "kappa": 0.20427780253357947,
 "sonnet_tokens_in": 1493,
 "sonnet_tokens_out": 247469,
 "haiku_tokens_in": 277478,
 "haiku_tokens_out": 7752,
 "cache_creation_tokens": 805114,
 "cache_read_tokens": 6043132,
 "elapsed_s": 73.78515410423279
}