{
 "sub": "politics",
 "template": "slm_mod",
 "thinking": "on",
 "effort": "high",
 "model": "claude-sonnet-4-6",
 "prompt_variant": "cot",
 "n_requested": 500,
 "n_returned": 500,
 "n_used": 500,
 "parse_fails": 0,
 "hard_errors": 0,
 "accuracy": 0.604,
 "precision": 0.6992481203007519,
 "recall": 0.3705179282868526,
 "f1": 0.48437499999999994,
 "kappa": 0.2094798537138476,
 "sonnet_tokens_in": 1498,
 "sonnet_tokens_out": 263110,
 "haiku_tokens_in": 259786,
 "haiku_tokens_out": 7181,
 "cache_creation_tokens": 783769,
 "cache_read_tokens": 6055190,
 "elapsed_s": 60.35175061225891
}