{
 "sub": "legaladvice",
 "template": "slm_mod",
 "thinking": "on",
 "effort": "high",
 "model": "claude-sonnet-4-6",
 "prompt_variant": "cot",
 "n_requested": 500,
 "n_returned": 500,
 "n_used": 500,
 "parse_fails": 0,
 "hard_errors": 0,
 "accuracy": 0.624,
 "precision": 0.5938461538461538,
 "recall": 0.7751004016064257,
 "f1": 0.6724738675958187,
 "kappa": 0.24890131841789853,
 "sonnet_tokens_in": 1500,
 "sonnet_tokens_out": 236764,
 "haiku_tokens_in": 267611,
 "haiku_tokens_out": 7486,
 "cache_creation_tokens": 795103,
 "cache_read_tokens": 5798655,
 "elapsed_s": 76.48659825325012
}