{
 "sub": "TwoXChromosomes",
 "template": "slm_mod",
 "thinking": "on",
 "effort": "high",
 "model": "claude-sonnet-4-6",
 "prompt_variant": "cot",
 "n_requested": 500,
 "n_returned": 500,
 "n_used": 500,
 "parse_fails": 0,
 "hard_errors": 0,
 "accuracy": 0.616,
 "precision": 0.7218045112781954,
 "recall": 0.38247011952191234,
 "f1": 0.4999999999999999,
 "kappa": 0.23343500966191286,
 "sonnet_tokens_in": 1495,
 "sonnet_tokens_out": 289308,
 "haiku_tokens_in": 277124,
 "haiku_tokens_out": 7405,
 "cache_creation_tokens": 805449,
 "cache_read_tokens": 5684520,
 "elapsed_s": 75.05177211761475
}