{
 "sub": "Games",
 "template": "slm_mod",
 "thinking": "on",
 "effort": "high",
 "model": "claude-sonnet-4-6",
 "prompt_variant": "cot",
 "n_requested": 500,
 "n_returned": 500,
 "n_used": 500,
 "parse_fails": 0,
 "hard_errors": 0,
 "accuracy": 0.626,
 "precision": 0.7666666666666667,
 "recall": 0.3665338645418327,
 "f1": 0.4959568733153639,
 "kappa": 0.2535526105700144,
 "sonnet_tokens_in": 1495,
 "sonnet_tokens_out": 254800,
 "haiku_tokens_in": 281511,
 "haiku_tokens_out": 8028,
 "cache_creation_tokens": 799288,
 "cache_read_tokens": 5812916,
 "elapsed_s": 77.06836462020874
}